{
  "experiment": "model_B_v6",
  "dataset": "real_5cls",
  "checkpoint_epoch": 6,
  "no_tta": {
    "overall": {
      "accuracy": 0.375,
      "correct": 24,
      "total": 64,
      "macro_precision": 0.26285714285714284,
      "macro_recall": 0.3268045112781955,
      "macro_f1": 0.2597278911564626
    },
    "per_class": {
      "PIPA2": {
        "precision": 0.5666666666666667,
        "recall": 0.8947368421052632,
        "f1": 0.6938775510204083,
        "support": 19
      },
      "QURU": {
        "precision": 0.4,
        "recall": 0.125,
        "f1": 0.19047619047619047,
        "support": 16
      },
      "ACRU": {
        "precision": 0.21428571428571427,
        "recall": 0.21428571428571427,
        "f1": 0.21428571428571427,
        "support": 14
      },
      "QUAL": {
        "precision": 0.0,
        "recall": 0.0,
        "f1": 0.0,
        "support": 10
      },
      "QUCO2": {
        "precision": 0.13333333333333333,
        "recall": 0.4,
        "f1": 0.2,
        "support": 5
      }
    }
  },
  "tta": {
    "overall": {
      "accuracy": 0.375,
      "correct": 24,
      "total": 64,
      "macro_precision": 0.3474358974358974,
      "macro_recall": 0.34419172932330827,
      "macro_f1": 0.3168746840146434
    },
    "per_class": {
      "PIPA2": {
        "precision": 1.0,
        "recall": 0.5263157894736842,
        "f1": 0.6896551724137931,
        "support": 19
      },
      "QURU": {
        "precision": 0.3333333333333333,
        "recall": 0.4375,
        "f1": 0.37837837837837834,
        "support": 16
      },
      "ACRU": {
        "precision": 0.25,
        "recall": 0.35714285714285715,
        "f1": 0.2941176470588235,
        "support": 14
      },
      "QUAL": {
        "precision": 0.0,
        "recall": 0.0,
        "f1": 0.0,
        "support": 10
      },
      "QUCO2": {
        "precision": 0.15384615384615385,
        "recall": 0.4,
        "f1": 0.2222222222222222,
        "support": 5
      }
    }
  },
  "tta_augmentations": 15
}