{
  "experiment": "model_A",
  "dataset": "real_3cls",
  "checkpoint_epoch": 29,
  "no_tta": {
    "overall": {
      "accuracy": 0.2597402597402597,
      "correct": 20,
      "total": 77,
      "macro_precision": 0.1845771144278607,
      "macro_recall": 0.34172387490465295,
      "macro_f1": 0.19238900634249476
    },
    "per_class": {
      "PINE": {
        "precision": 0.2537313432835821,
        "recall": 0.8947368421052632,
        "f1": 0.39534883720930236,
        "support": 19
      },
      "OAK": {
        "precision": 0.0,
        "recall": 0.0,
        "f1": 0.0,
        "support": 35
      },
      "OTHER": {
        "precision": 0.3,
        "recall": 0.13043478260869565,
        "f1": 0.18181818181818182,
        "support": 23
      }
    }
  },
  "tta": {
    "overall": {
      "accuracy": 0.2987012987012987,
      "correct": 23,
      "total": 77,
      "macro_precision": 0.24128540305010893,
      "macro_recall": 0.3913043478260869,
      "macro_f1": 0.22892720306513412
    },
    "per_class": {
      "PINE": {
        "precision": 0.27941176470588236,
        "recall": 1.0,
        "f1": 0.4367816091954023,
        "support": 19
      },
      "OAK": {
        "precision": 0.0,
        "recall": 0.0,
        "f1": 0.0,
        "support": 35
      },
      "OTHER": {
        "precision": 0.4444444444444444,
        "recall": 0.17391304347826086,
        "f1": 0.25,
        "support": 23
      }
    }
  },
  "tta_augmentations": 10,
  "confusion_matrix_no_tta": [
    [
      17,
      0,
      2
    ],
    [
      30,
      0,
      5
    ],
    [
      20,
      0,
      3
    ]
  ],
  "confusion_matrix_tta": [
    [
      19,
      0,
      0
    ],
    [
      30,
      0,
      5
    ],
    [
      19,
      0,
      4
    ]
  ],
  "class_names": [
    "PINE",
    "OAK",
    "OTHER"
  ]
}