{
  "experiment": "model_A",
  "dataset": "real_3cls",
  "checkpoint_epoch": 29,
  "no_tta": {
    "overall": {
      "accuracy": 0.2597402597402597,
      "correct": 20,
      "total": 77,
      "macro_precision": 0.19444444444444442,
      "macro_recall": 0.34172387490465295,
      "macro_f1": 0.19276819923371646
    },
    "per_class": {
      "PINE": {
        "precision": 0.25,
        "recall": 0.8947368421052632,
        "f1": 0.3908045977011494,
        "support": 19
      },
      "OAK": {
        "precision": 0.0,
        "recall": 0.0,
        "f1": 0.0,
        "support": 35
      },
      "OTHER": {
        "precision": 0.3333333333333333,
        "recall": 0.13043478260869565,
        "f1": 0.18750000000000003,
        "support": 23
      }
    }
  },
  "tta": {
    "overall": {
      "accuracy": 0.2727272727272727,
      "correct": 21,
      "total": 77,
      "macro_precision": 0.19934640522875816,
      "macro_recall": 0.35926773455377575,
      "macro_f1": 0.20043103448275865
    },
    "per_class": {
      "PINE": {
        "precision": 0.2647058823529412,
        "recall": 0.9473684210526315,
        "f1": 0.41379310344827586,
        "support": 19
      },
      "OAK": {
        "precision": 0.0,
        "recall": 0.0,
        "f1": 0.0,
        "support": 35
      },
      "OTHER": {
        "precision": 0.3333333333333333,
        "recall": 0.13043478260869565,
        "f1": 0.18750000000000003,
        "support": 23
      }
    }
  },
  "tta_augmentations": 5
}