{
  "generated": "2026-03-27 14:32",
  "n_sites": 6,
  "mean_f1_a_all": 0.678,
  "mean_f1_b_all": 0.6851,
  "delta_mean": 0.0071,
  "mean_mask_iou": 0.9632,
  "sites": [
    {
      "id": "MLBS",
      "split": "train",
      "biome": "Bosque templado caducifolio",
      "location": "Virginia, EE.UU. (NEON-MLBS)",
      "n_points": 522718,
      "area_ha": 2.6636087802001875,
      "n_gt": 864,
      "density": 324.37195973466675,
      "f1_a": 0.8480096501809409,
      "f1_b": 0.8468033775633294,
      "p_a": 0.8853904282115869,
      "p_b": 0.8841309823677582,
      "r_a": 0.8136574074074074,
      "r_b": 0.8125,
      "det_a": 794,
      "det_b": 794,
      "tp_a": 703,
      "fp_a": 91,
      "fn_a": 161,
      "tp_b": 702,
      "fp_b": 92,
      "fn_b": 162,
      "asprs_pct": 82.74978095263603,
      "pnet_pct": 83.63400533365983,
      "mask_iou": 0.9861200553553567,
      "delta_f1": -0.0012062726176115257
    },
    {
      "id": "NIWO",
      "split": "train",
      "biome": "Bosque subalpino con\u00edfero",
      "location": "Colorado, EE.UU. (NEON-NIWO)",
      "n_points": 2101996,
      "area_ha": 10.375385570100041,
      "n_gt": 9730,
      "density": 937.796473611552,
      "f1_a": 0.6038979650329608,
      "f1_b": 0.6031404603140461,
      "p_a": 0.9971604353999054,
      "p_b": 0.9973915105525255,
      "r_a": 0.4330935251798561,
      "r_b": 0.4322713257965057,
      "det_a": 4226,
      "det_b": 4217,
      "tp_a": 4214,
      "fp_a": 12,
      "fn_a": 5516,
      "tp_b": 4206,
      "fp_b": 11,
      "fn_b": 5524,
      "asprs_pct": 71.0489458590787,
      "pnet_pct": 71.94771065216109,
      "mask_iou": 0.9853039959260695,
      "delta_f1": -0.00075750471891467
    },
    {
      "id": "OSBS",
      "split": "train",
      "biome": "Sabana abierta / scrub de Florida",
      "location": "Florida, EE.UU. (NEON-OSBS)",
      "n_points": 3813514,
      "area_ha": 99.99800001002141,
      "n_gt": 497,
      "density": 4.970099401489955,
      "f1_a": 0.4779541446208113,
      "f1_b": 0.5204336947456213,
      "p_a": 0.42543171114599687,
      "p_b": 0.4444444444444444,
      "r_a": 0.545271629778672,
      "r_b": 0.6277665995975855,
      "det_a": 637,
      "det_b": 702,
      "tp_a": 271,
      "fp_a": 366,
      "fn_a": 226,
      "tp_b": 312,
      "fp_b": 390,
      "fn_b": 185,
      "asprs_pct": 0.3352550954316675,
      "pnet_pct": 0.38730682514866865,
      "mask_iou": 0.857682195105508,
      "delta_f1": 0.04247955012480997
    },
    {
      "id": "HARV",
      "split": "train",
      "biome": "Bosque mixto templado-fr\u00edo",
      "location": "Massachusetts, EE.UU. (NEON-HARV)",
      "n_points": 139087,
      "area_ha": 2.2235745099977553,
      "n_gt": 329,
      "density": 147.95996199845453,
      "f1_a": 0.6798245614035088,
      "f1_b": 0.6842684268426843,
      "p_a": 0.5317324185248714,
      "p_b": 0.5362068965517242,
      "r_a": 0.9422492401215805,
      "r_b": 0.9452887537993921,
      "det_a": 583,
      "det_b": 580,
      "tp_a": 310,
      "fp_a": 273,
      "fn_a": 19,
      "tp_b": 311,
      "fp_b": 269,
      "fn_b": 18,
      "asprs_pct": 60.916548635027,
      "pnet_pct": 60.32914650542466,
      "mask_iou": 0.9831947596815354,
      "delta_f1": 0.004443865439175521
    },
    {
      "id": "TEAK",
      "split": "train",
      "biome": "Bosque mixto con\u00edfero montano",
      "location": "California, EE.UU. (NEON-TEAK)",
      "n_points": 2817056,
      "area_ha": 35.999880000087316,
      "n_gt": 3670,
      "density": 101.94478426014471,
      "f1_a": 0.6581090407177363,
      "f1_b": 0.6560439560439562,
      "p_a": 0.6668531468531469,
      "p_b": 0.6614958448753463,
      "r_a": 0.649591280653951,
      "r_b": 0.6506811989100817,
      "det_a": 3575,
      "det_b": 3610,
      "tp_a": 2384,
      "fp_a": 1191,
      "fn_a": 1286,
      "tp_b": 2388,
      "fp_b": 1222,
      "fn_b": 1282,
      "asprs_pct": 49.18940198561903,
      "pnet_pct": 49.203920688832596,
      "mask_iou": 0.9953316440387578,
      "delta_f1": -0.002065084673780193
    },
    {
      "id": "SJER",
      "split": "test",
      "biome": "Robledal mediterr\u00e1neo / sabana",
      "location": "California, EE.UU. (NEON-SJER) \u2014 conjunto de TEST",
      "n_points": 42588,
      "area_ha": 0.15998702999954573,
      "n_gt": 8,
      "density": 50.004053453725064,
      "f1_a": 0.8,
      "f1_b": 0.8,
      "p_a": 0.6666666666666666,
      "p_b": 0.6666666666666666,
      "r_a": 1.0,
      "r_b": 1.0,
      "det_a": 12,
      "det_b": 12,
      "tp_a": 8,
      "fp_a": 4,
      "fn_a": 0,
      "tp_b": 8,
      "fp_b": 4,
      "fn_b": 0,
      "asprs_pct": 13.726871419179112,
      "pnet_pct": 14.041514041514041,
      "mask_iou": 0.9716572190730244,
      "delta_f1": 0.0
    }
  ]
}