{
  "experiment": "model_B_3cls",
  "dataset": "real_3cls",
  "checkpoint_epoch": 17,
  "no_tta": {
    "overall": {
      "accuracy": 0.5194805194805194,
      "correct": 40,
      "total": 77,
      "macro_precision": 0.5516842634489693,
      "macro_recall": 0.5899095564999455,
      "macro_f1": 0.514937106918239
    },
    "per_class": {
      "PINE": {
        "precision": 0.5294117647058824,
        "recall": 0.9473684210526315,
        "f1": 0.679245283018868,
        "support": 19
      },
      "OAK": {
        "precision": 0.6923076923076923,
        "recall": 0.2571428571428571,
        "f1": 0.37499999999999994,
        "support": 35
      },
      "OTHER": {
        "precision": 0.43333333333333335,
        "recall": 0.5652173913043478,
        "f1": 0.49056603773584906,
        "support": 23
      }
    }
  },
  "tta": {
    "overall": {
      "accuracy": 0.5584415584415584,
      "correct": 43,
      "total": 77,
      "macro_precision": 0.6283483483483484,
      "macro_recall": 0.5833496785441866,
      "macro_f1": 0.5882352941176471
    },
    "per_class": {
      "PINE": {
        "precision": 0.8666666666666667,
        "recall": 0.6842105263157895,
        "f1": 0.7647058823529413,
        "support": 19
      },
      "OAK": {
        "precision": 0.64,
        "recall": 0.45714285714285713,
        "f1": 0.5333333333333333,
        "support": 35
      },
      "OTHER": {
        "precision": 0.3783783783783784,
        "recall": 0.6086956521739131,
        "f1": 0.4666666666666667,
        "support": 23
      }
    }
  },
  "tta_augmentations": 20
}